{
  "chosen": 0.014930202348854001,
  "walk": 0.09591021077043464,
  "path": 0.04121791236710142,
  "first": 0.029266364292633375,
  "teach": 0.06315924886566654,
  "danger": 0.031117385726273126,
  "steady": 0.015590714126627036,
  "strength": 0.012732880384201384,
  "knew": 0.023889713312808803,
  "distort": 0.02768558576824485,
  "sand": 0.07618165808742637,
  "feel": 0.34192467401527016,
  "force": 0.07786270087208373,
  "feet": 0.08890877338921939,
  "away": 0.0223087086081626,
  "slowly": 0.01412159866261736,
  "peaceful": 0.02227212058631086,
  "untouch": 0.05087820876177115,
  "green": 0.10323336195266236,
  "end": 0.021258135130765812,
  "gently": 0.04082194935351731,
  "lin": 0.10939997162060631,
  "world": 0.11114095618097398,
  "unwaver": 0.0034341909878982052,
  "purpose": 0.002011456467042213,
  "love": 0.037522168025134826,
  "even": 0.05829979497718268,
  "alive": 0.05606739348330947,
  "beneath": 0.07809195053119333,
  "entire": 0.05161921624263457,
  "network": 0.04839997841474051,
  "bath": 0.05545689950782647,
  "like": 0.3464906031570372,
  "park": 0.12208579236408372,
  "kind": 0.0470953894697362,
  "child": 0.05629433582933224,
  "yellow": 0.04938865694495512,
  "sandy": 0.08215907722752412,
  "another": 0.0907311661512634,
  "pull": 0.07738797682283906,
  "heart": 0.306113385417281,
  "its": 0.10813749575754851,
  "call": 0.0851232000639572,
  "afraid": 0.049055940046128725,
  "griev": 0.08204634503950951,
  "road": 0.3302779650025855,
  "that": 0.2000417866384706,
  "place": 0.061011062173747015,
  "unwill": 0.01758535565370396,
  "return": 0.011594841810684658,
  "cautiously": 0.005956261144102937,
  "torn": 0.005526231089775146,
  "tre": 0.024676548883142344,
  "of": 0.27142891176675926,
  "pas": 0.051416446141434376,
  "gra": 0.039515547641865115,
  "come": 0.009974509999249316,
  "caught": 0.019771453828486038,
  "second": 0.012736571080227655,
  "itself": 0.011543673556168544,
  "pul": 0.013503893565263832,
  "reach": 0.03660742440935399,
  "upward": 0.02063791749687073,
  "greater": 0.011732677254202411,
  "approach": 0.010665592425832022,
  "whisper": 0.03699231925270516,
  "dr": 0.008199288900031305,
  "sway": 0.013489075100696883,
  "wind": 0.06908117396031359,
  "wood": 0.054979481241470465,
  "fabric": 0.08340976056834186,
  "cloth": 0.02329865357466344,
  "hung": 0.01912320880823429,
  "fad": 0.016279341919750594,
  "hollow": 0.01520675129276292,
  "mov": 0.017663360212502678,
  "nestl": 0.010289518277868483,
  "saw": 0.03143682424763805,
  "baby": 0.0107785081578317,
  "scrap": 0.04072658675979601,
  "gentle": 0.10261745258141475,
  "forgotten": 0.1436471772886484,
  "time": 0.06208759151762799,
  "chang": 0.057294832260554276,
  "thi": 0.05103754192549195,
  "belong": 0.0474128788113609,
  "different": 0.04306855667353475,
  "look": 0.08768689933139662,
  "toward": 0.058708550710554606,
  "short": 0.0508594057442524,
  "distance": 0.046700593837418605,
  "edge": 0.07957591132664245,
  "buri": 0.18195995934904013,
  "strange": 0.04710696943516796,
  "dance": 0.0505358055357322,
  "try": 0.05556567119151291,
  "scare": 0.05308454746781881,
  "remain": 0.04947728383678599,
  "voice": 0.05329742810195221,
  "twilight": 0.05671281521461584,
  "swallow": 0.07948892877481827,
  "relic": 0.05880462888566098,
  "old": 0.026661295566617067,
  "white": 0.005789515584545029,
  "crush": 0.005889506103408039,
  "freely": 0.006553994412140363,
  "effortlessly": 0.010292048580573107,
  "roof": 0.011210499464642342,
  "crocodile": 0.010256507023505699,
  "presence": 0.025047580061202442,
  "undeniable": 0.01792366308827008,
  "clearly": 0.01635266297440812,
  "real": 0.017787541856836404,
  "absurdity": 0.04669965151259001,
  "quiet": 0.01745325208990006,
  "joy": 0.01688064093435311,
  "sure": 0.03377436952081051,
  "dry": 0.016795353667141077,
  "pollut": 0.014880355195401547,
  "maybe": 0.04786016473548173,
  "those": 0.049806403165503395,
  "obey": 0.05659810298970554,
  "leave": 0.09177221860068882,
  "belly": 0.10447300232367321,
  "threat": 0.034199168363609624,
  "small": 0.01937692153814968,
  "body": 0.020644304177414446,
  "paradox": 0.06033252590318451,
  "coil": 0.02054244911782509,
  "sleep": 0.044185581771593124,
  "ground": 0.018759000458129744,
  "massive": 0.01759235698392689,
  "awaken": 0.02342548893744706,
  "li": 0.023253232534497844,
  "see": 0.02073438501160597,
  "awaren": 0.010496112044437678,
  "wak": 0.0160926691026506,
  "twist": 0.0149885474939391,
  "softly": 0.007702919202975182,
  "hand": 0.008291141098147782,
  "bite": 0.010527177761924026,
  "didn": 0.010338398656777954,
  "wir": 0.023378565378282052,
  "fear": 0.062126158562396415,
  "build": 0.030174484921219914,
  "free": 0.0244671634685996,
  "endl": 0.016471633940327107,
  "stair": 0.01484713811302349,
  "climb": 0.011602572720068774,
  "repli": 0.028416126641716225,
  "breath": 0.011925100279631569,
  "know": 0.07689732783480395,
  "same": 0.027664617186014193,
  "reality": 0.01108485584330227,
  "altogether": 0.006792304371695099,
  "smil": 0.043946686609893044,
  "deep": 0.0894412640462714,
  "familiar": 0.0497236153141634,
  "giant": 0.045305260705145164,
  "serpent": 0.08060787513345104,
  "built": 0.03660799396460843,
  "frozen": 0.04103164973465099,
  "silent": 0.07642866930316396,
  "knowledge": 0.04028651193687675,
  "meant": 0.031419386657928323,
  "open": 0.027460813242324453,
  "door": 0.02912234534908024,
  "led": 0.028561229156707876,
  "rooftop": 0.02621385461018141,
  "ey": 0.030733655290202975,
  "fill": 0.02998849795397912,
  "impossible": 0.02993302930332803,
  "blend": 0.028515116798566262,
  "stepp": 0.012749412203508156,
  "back": 0.01792901914099845,
  "enough": 0.024367591427762552,
  "cannot": 0.01461969836263428,
  "step": 0.013296091301848003,
  "sitt": 0.010935834858113528,
  "quietly": 0.011845768014923387,
  "star": 0.014482561801745144,
  "sky": 0.0350549823342766,
  "stood": 0.015816236445644376,
  "ascend": 0.011597025636806868,
  "resistance": 0.017795845473533425,
  "inside": 0.037182778007644274,
  "melancholy": 0.016377873744722795,
  "serenity": 0.01554760853248793,
  "ache": 0.02147709984355596,
  "insect": 0.0012066625008129409,
  "hover": 0.0011007143397421505,
  "air": 0.004536365694916716,
  "land": 0.0023551500221859053,
  "heavier": 0.00369490543192934,
  "dense": 0.007727249358541207,
  "disturb": 0.022492837527241412,
  "calmly": 0.006368499063926814,
  "wonder": 0.007350715497888644,
  "live": 0.013324081818725556,
  "lay": 0.01567449852402726,
  "hidden": 0.011753188389954927,
  "desperately": 0.015595946515483048,
  "desire": 0.008045602520917955,
  "dormant": 0.006297870864016804,
  "wait": 0.0053682364929036165,
  "energy": 0.006206532686517041,
  "liv": 0.011044392522547778,
  "fragile": 0.013033209572580138,
  "violet": 0.012340460244044792,
  "ting": 0.013370740859069363,
  "blue": 0.016822738076380673,
  "indistinguishable": 0.016643343199776384,
  "acceptance": 0.015841297829003464,
  "long": 0.017174473979713892,
  "hom": 0.0110415309091337,
  "unsee": 0.01003874355540771,
  "top": 0.011639168491230817,
  "last": 0.011413628117594058,
  "soul": 0.0067472775430831074,
  "conversation": 0.0032897445273417482,
  "lost": 0.008412387665722805,
  "turn": 0.01472426196592732,
  "choice": 0.030173821640269858,
  "infinite": 0.006316949117832495,
  "notic": 0.00700608650334928,
  "yearn": 0.0013937904341992907,
  "dissolve": 0.0017586881635531294,
  "fly": 0.017403344204689187,
  "shimmer": 0.006329729244939754,
  "luminou": 0.004200611276747794,
  "found": 0.004905000741522718,
  "myself": 0.007867753120948208,
  "aura": 0.0065400564967094945,
  "cosmo": 0.001436043237160946,
  "balcony": 0.006945835762320682,
  "lover": 0.005215245197715895,
  "radiant": 0.003804481008731991
}